{
  "hybrid_metrics": {
    "accuracy": 0.9614791987673343,
    "precision": 0.9408284023668639,
    "recall": 1.0,
    "f1": 0.9695121951219512,
    "roc_auc": 0.9999874964052166
  },
  "baseline_metrics": {
    "accuracy": 1.0,
    "precision": 1.0,
    "recall": 1.0,
    "f1": 1.0,
    "roc_auc": 1.0
  },
  "total_test_samples": 1298,
  "total_errors": 50,
  "false_positives": 50,
  "false_negatives": 0
}