,Logistic Regression,Hybrid (RoBERTa)
accuracy,1.0,0.9614791987673343
precision,1.0,0.9408284023668639
recall,1.0,1.0
f1,1.0,0.9695121951219512
roc_auc,1.0,0.9999874964052166
