{
  "subset_size": 120,
  "challenge_size": 60,
  "hybrid_subset": {
    "accuracy": 0.9666666666666667,
    "precision": 0.9375,
    "recall": 1.0,
    "f1": 0.967741935483871,
    "roc_auc": 1.0
  },
  "baseline_subset": {
    "accuracy": 1.0,
    "precision": 1.0,
    "recall": 1.0,
    "f1": 1.0,
    "roc_auc": 1.0
  },
  "hybrid_human_edited_ai": {
    "accuracy": 0.9833333333333333,
    "precision": 1.0,
    "recall": 0.9833333333333333,
    "f1": 0.9915966386554622,
    "roc_auc": NaN
  },
  "baseline_human_edited_ai": {
    "accuracy": 0.5666666666666667,
    "precision": 1.0,
    "recall": 0.5666666666666667,
    "f1": 0.723404255319149,
    "roc_auc": NaN
  }
}