held_out_source,train_samples,test_samples,accuracy,precision,recall,f1
custom_synthetic,6501,148,1.0,1.0,1.0,1.0
fakenews_synthetic,4817,464,0.8254310344827587,0.7626582278481012,0.9757085020242915,0.8561278863232682
tweepfake_synthetic,3388,686,0.8381924198250729,0.8186619718309859,0.9830866807610994,0.8933717579250721
