{
  "train_loss": [
    0.661707130908966,
    0.5705411473512649,
    0.3941000959277153
  ],
  "val_loss": [
    0.6387448131092011,
    0.49019888705677456,
    0.29078765189836897
  ],
  "val_f1": [
    0.7421383647798742,
    0.9562398703403565,
    0.9624796084828712
  ],
  "val_acc": [
    0.59,
    0.946,
    0.954
  ]
}